N°,Nom et Prénom,Matricule,Classe,Moyenne,Décision,Mention
1,Balti Amina,20231045,3A40,12.47,Admis,Assez Bien
2,Trabelsi Yasmine,20231046,3A40,11.95,Admis,Passable
3,Ben Ali Ahmed,20231047,3A40,15.20,Admis,Bien
4,Gharbi Sara,20231048,3A40,16.50,Admis,Très Bien
5,Mansouri Mohamed,20231049,3A40,9.80,Ajourné,Session de rattrapage
6,Kacem Leila,20231050,3A40,14.30,Admis,Bien
7,Bouazizi Karim,20231051,3A40,10.50,Admis,Passable
8,Slimi Fatma,20231052,3A40,13.75,Admis,Assez Bien
9,Nasri Tarek,20231053,3A40,7.80,Ajourné,Exclus
10,Jebali Nour,20231054,3A40,18.20,Admis,Très Bien
