"id_etudiant","nom","prenom","matricule","classe_groupe","id_session","type_session","annee_universitaire","moyenne_generale"
"1","Balti","Amina","20231045","3A40","1","Principale","2025-2026","16.50"
"2","Trabelsi","Yasmine","20231046","3A40","1","Principale","2025-2026","14.20"
"3","Cherni","Mohamed","20231047","3A40","1","Principale","2025-2026","12.80"
"4","Sassi","Fatma","20231048","3A40","1","Principale","2025-2026","11.50"
"5","Nouri","Ahmed","20231049","3A40","1","Principale","2025-2026","9.75"
"6","Ben Ali","Karim","20232010","4TWIN1","1","Principale","2025-2026","17.20"
"7","Mansouri","Salma","20232011","4TWIN1","1","Principale","2025-2026","13.90"
"8","Gharbi","Omar","20232012","4TWIN1","1","Principale","2025-2026","10.40"
"9","Hammami","Ines","20232013","4TWIN1","1","Principale","2025-2026","9.10"
"10","Jebali","Youssef","20232014","4TWIN1","1","Principale","2025-2026","7.25"
"11","Dridi","Sonia","20233001","2GL2","1","Principale","2025-2026","16.10"
"12","Khelifi","Mehdi","20233002","2GL2","1","Principale","2025-2026","15.00"
"13","Ayari","Rim","20233003","2GL2","1","Principale","2025-2026","12.15"
"14","Toumi","Bilel","20233004","2GL2","1","Principale","2025-2026","8.50"
"15","Sellami","Mariem","20233005","2GL2","1","Principale","2025-2026","6.80"
"16","Bouazizi","Skander","20234020","5SIM3","1","Principale","2025-2026","18.00"
"17","Mabrouk","Nour","20234021","5SIM3","1","Principale","2025-2026","14.80"
"18","Ferchichi","Hamza","20234022","5SIM3","1","Principale","2025-2026","10.80"
"19","Chaabane","Syrine","20234023","5SIM3","1","Principale","2025-2026","9.30"
"20","Zaibi","Rayen","20235005","1NFIN1","1","Principale","2025-2026","15.50"
"21","Rebai","Eya","20235006","1NFIN1","1","Principale","2025-2026","12.75"
"22","Jaziri","Walid","20235007","1NFIN1","1","Principale","2025-2026","11.10"
"23","Zoghlami","Khadija","20235008","1NFIN1","1","Principale","2025-2026","7.90"
